{
    "styles": {
        "Regular-No-IF_OWN_ICON_EXISTS": {
            "nodes": {
                "": [
                    0.0,
                    0.0
                ],
                "_fun_physical_radius": [
                    0.0,
                    0.0
                ],
                "_fun_sensoring_radius": [
                    138.66069539869852,
                    45.326519270619
                ],
                "_fun_speed": [
                    170.75928243483133,
                    91.25760804089958
                ],
                "_res_angular_actuation_error_budget": [
                    285.3593546645846,
                    134.15087459400866
                ],
                "_res_cost": [
                    364.94438681217605,
                    180.08196336428924
                ],
                "_fun_physical_radius/_extrar-physical_radius": [
                    232.07160187490334,
                    3.0378222171715423
                ],
                "_fun_sensoring_radius/_extrar-sensoring_radius": [
                    370.73229727360183,
                    48.36434148779054
                ],
                "_fun_speed/_extrar-speed": [
                    370.73229727360183,
                    94.29543025807114
                ],
                "_res_angular_actuation_error_budget/_extraf-angular_actuation_error_budget": [
                    180.29793549306734,
                    137.1886968111802
                ],
                "_res_cost/_extraf-cost": [
                    180.29793549306734,
                    183.11978558146077
                ],
                "_lim": [
                    303.21912427162437,
                    -78.23979756315435
                ],
                "_mult": [
                    170.1236785946492,
                    0.6045694996615847
                ],
                "_lim/_extraf-_l": [
                    180.29793549306734,
                    228.44630485207978
                ],
                "_mult/_extrar-_res": [
                    370.73229727360183,
                    3.0378222171715423
                ]
            },
            "edges": {
                "_fun_physical_radius/_extrar-physical_radius-edge-0": [
                    [
                        94.91825358313835,
                        10.465544385140298
                    ],
                    [
                        104.91825358313835,
                        10.465544385140298
                    ],
                    [
                        163.49492772902084,
                        10.465544385140298
                    ],
                    [
                        163.49492772902084,
                        10.465544385140293
                    ],
                    [
                        222.07160187490334,
                        10.465544385140293
                    ],
                    [
                        232.07160187490334,
                        10.465544385140293
                    ]
                ],
                "_fun_sensoring_radius/_extrar-sensoring_radius-edge-0": [
                    [
                        237.59793091543062,
                        55.7920636557593
                    ],
                    [
                        247.59793091543062,
                        55.7920636557593
                    ],
                    [
                        240.73229727360183,
                        55.7920636557593
                    ],
                    [
                        240.73229727360183,
                        55.7920636557593
                    ],
                    [
                        360.73229727360183,
                        55.7920636557593
                    ],
                    [
                        370.73229727360183,
                        55.79206365575929
                    ]
                ],
                "_fun_speed/_extrar-speed-edge-0": [
                    [
                        205.4993438792978,
                        101.72315242603987
                    ],
                    [
                        215.4993438792978,
                        101.72315242603987
                    ],
                    [
                        208.73229727360183,
                        101.72315242603987
                    ],
                    [
                        208.73229727360183,
                        101.72315242603987
                    ],
                    [
                        360.73229727360183,
                        101.72315242603987
                    ],
                    [
                        370.73229727360183,
                        101.72315242603989
                    ]
                ],
                "_res_angular_actuation_error_budget/_extraf-angular_actuation_error_budget-edge-0": [
                    [
                        198.72211457021578,
                        144.61641897914893
                    ],
                    [
                        208.72211457021578,
                        144.61641897914893
                    ],
                    [
                        243.42144649197718,
                        144.61641897914893
                    ],
                    [
                        243.42144649197718,
                        144.61641897914896
                    ],
                    [
                        278.12077841373855,
                        144.61641897914896
                    ],
                    [
                        288.12077841373855,
                        144.61641897914896
                    ]
                ],
                "_res_cost/_extraf-cost-edge-0": [
                    [
                        198.72211457021578,
                        190.5475077494295
                    ],
                    [
                        208.72211457021578,
                        190.5475077494295
                    ],
                    [
                        283.76798503567835,
                        190.5475077494295
                    ],
                    [
                        283.76798503567835,
                        190.54750774942954
                    ],
                    [
                        358.8138555011409,
                        190.54750774942954
                    ],
                    [
                        368.8138555011409,
                        190.54750774942954
                    ]
                ],
                "(_fun_physical_radius:physical_radius)-(_lim:_l)": [
                    [
                        94.91825358313835,
                        10.465544385140298
                    ],
                    [
                        104.91825358313835,
                        10.465544385140298
                    ],
                    [
                        156.13373311842514,
                        10.465544385140298
                    ],
                    [
                        156.13373311842514,
                        10.465544385140294
                    ],
                    [
                        207.3492126537119,
                        10.465544385140294
                    ],
                    [
                        217.3492126537119,
                        10.465544385140294
                    ]
                ],