{
    "styles": {
        "Regular-No-IF_OWN_ICON_EXISTS": {
            "nodes": {
                "": [
                    0.0,
                    0.0
                ],
                "_fun_physical_radius": [
                    4.01898193359375,
                    0.0
                ],
                "_fun_sensoring_radius": [
                    0.0,
                    45.93108877028059
                ],
                "_fun_speed": [
                    32.09858703613281,
                    91.86217754056116
                ],
                "_res_angular_actuation_error_budget": [
                    146.69865926588614,
                    134.75544409367023
                ],
                "_res_cost": [
                    226.28369141347756,
                    180.68653286395082
                ],
                "_fun_physical_radius/_extrar-physical_radius": [
                    232.07160187490334,
                    3.0378222171715423
                ],
                "_fun_sensoring_radius/_extrar-sensoring_radius": [
                    232.07160187490334,
                    48.968910987452134
                ],
                "_fun_speed/_extrar-speed": [
                    232.07160187490334,
                    94.89999975773273
                ],
                "_res_angular_actuation_error_budget/_extraf-angular_actuation_error_budget": [
                    41.63724009436881,
                    137.79326631084177
                ],
                "_res_cost/_extraf-cost": [
                    41.63724009436881,
                    183.72435508112235
                ]
            },
            "edges": {
                "_fun_physical_radius/_extrar-physical_radius-edge-0": [
                    [
                        94.91825358313835,
                        10.465544385140298
                    ],
                    [
                        104.91825358313835,
                        10.465544385140298
                    ],
                    [
                        163.49492772902084,
                        10.465544385140298
                    ],
                    [
                        163.49492772902084,
                        10.465544385140293
                    ],
                    [
                        222.07160187490334,
                        10.465544385140293
                    ],
                    [
                        232.07160187490334,
                        10.465544385140293
                    ]
                ],
                "_fun_sensoring_radius/_extrar-sensoring_radius-edge-0": [
                    [
                        98.9372355167321,
                        56.396633155420886
                    ],
                    [
                        108.9372355167321,
                        56.396633155420886
                    ],
                    [
                        165.50441869581772,
                        56.396633155420886
                    ],
                    [
                        165.50441869581772,
                        56.396633155420886
                    ],
                    [
                        222.07160187490334,
                        56.396633155420886
                    ],
                    [
                        232.07160187490334,
                        56.396633155420886
                    ]
                ],
                "_fun_speed/_extrar-speed-edge-0": [
                    [
                        66.83864848059929,
                        102.32772192570145
                    ],
                    [
                        76.83864848059929,
                        102.32772192570145
                    ],
                    [
                        149.4551251777513,
                        102.32772192570145
                    ],
                    [
                        149.4551251777513,
                        102.32772192570148
                    ],
                    [
                        222.07160187490334,
                        102.32772192570148
                    ],
                    [
                        232.07160187490334,
                        102.32772192570148
                    ]
                ],
                "_res_angular_actuation_error_budget/_extraf-angular_actuation_error_budget-edge-0": [
                    [
                        60.06141917151725,
                        145.2209884788105
                    ],
                    [
                        70.06141917151726,
                        145.2209884788105
                    ],
                    [
                        104.76075109327867,
                        145.2209884788105
                    ],
                    [
                        104.76075109327867,
                        145.22098847881054
                    ],
                    [
                        139.46008301504008,
                        145.22098847881054
                    ],
                    [
                        149.46008301504008,
                        145.22098847881054
                    ]
                ],
                "_res_cost/_extraf-cost-edge-0": [
                    [
                        60.06141917151725,
                        191.1520772490911
                    ],
                    [
                        70.06141917151726,
                        191.1520772490911
                    ],
                    [
                        145.10728963697983,
                        191.1520772490911
                    ],
                    [
                        145.10728963697983,
                        191.15207724909112
                    ],
                    [
                        220.1531601024424,
                        191.15207724909112
                    ],
                    [
                        230.1531601024424,
                        191.15207724909112
                    ]
                ]
            }
        }
    }
}