{
    "styles": {
        "Regular-No-IF_OWN_ICON_EXISTS": {
            "nodes": {
                "": [
                    0.0,
                    0.0
                ],
                "_fun_physical_radius": [
                    4.01898193359375,
                    0.0
                ],
                "_fun_sensoring_radius": [
                    0.0,
                    45.931088770280596
                ],
                "_fun_speed": [
                    32.09858703613282,
                    91.86217754056119
                ],
                "_res_angular_actuation_error_budget": [
                    319.0858418888555,
                    71.2920636557593
                ],
                "_res_cost": [
                    398.67087403644695,
                    117.22315242603989
                ],
                "_fun_physical_radius/_extrar-physical_radius": [
                    232.07160187490334,
                    3.0378222171715423
                ],
                "_fun_sensoring_radius/_extrar-sensoring_radius": [
                    370.73229727360183,
                    48.36434148779054
                ],
                "_fun_speed/_extrar-speed": [
                    332.6133987527943,
                    94.29543025807115
                ],
                "_res_angular_actuation_error_budget/_extraf-angular_actuation_error_budget": [
                    251.4510594777421,
                    74.32988587293084
                ],
                "_res_cost/_extraf-cost": [
                    251.4510594777421,
                    120.26097464321145
                ],
                "_lim": [
                    394.8243835564858,
                    26.570113884801884
                ],
                "_mult": [
                    146.69865926588605,
                    0.6045694996615865
                ],
                "_lim/_extraf-_l": [
                    180.29793549306734,
                    228.44630485207978
                ],
                "_mult/_extrar-_res": [
                    332.6133987527943,
                    3.0378222171715423
                ],
                "_mult1": [
                    146.69865926588605,
                    46.53565826994219
                ],
                "_mult1/_extrar-_res2": [
                    332.6133987527943,
                    48.968910987452134
                ],
                "_mult2": [
                    146.69865926588605,
                    92.46674704022277
                ],
                "_mult2/_extrar-_res3": [
                    332.6133987527943,
                    94.89999975773273
                ],
                "_sum": [
                    247.24045614377707,
                    25.274234520788216
                ]
            },
            "edges": {
                "_fun_physical_radius/_extrar-physical_radius-edge-0": [
                    [
                        94.91825358313835,
                        10.465544385140298
                    ],
                    [
                        104.91825358313835,
                        10.465544385140298
                    ],
                    [
                        163.49492772902084,
                        10.465544385140298
                    ],
                    [
                        163.49492772902084,
                        10.465544385140293
                    ],
                    [
                        222.07160187490334,
                        10.465544385140293
                    ],
                    [
                        232.07160187490334,
                        10.465544385140293
                    ]
                ],
                "_fun_sensoring_radius/_extrar-sensoring_radius-edge-0": [
                    [
                        237.59793091543062,
                        55.7920636557593
                    ],
                    [
                        247.59793091543062,
                        55.7920636557593
                    ],
                    [
                        240.73229727360183,
                        55.7920636557593
                    ],
                    [
                        240.73229727360183,
                        55.7920636557593
                    ],
                    [
                        360.73229727360183,
                        55.7920636557593
                    ],
                    [
                        370.73229727360183,
                        55.79206365575929
                    ]
                ],
                "_fun_speed/_extrar-speed-edge-0": [
                    [
                        190.4588765524878,
                        101.72315242603987
                    ],
                    [
                        200.4588765524878,
                        101.72315242603987
                    ],
                    [
                        261.53613765264106,
                        101.72315242603987
                    ],
                    [
                        261.53613765264106,
                        101.7231524260399
                    ],
                    [
                        322.6133987527943,
                        101.7231524260399
                    ],
                    [
                        332.6133987527943,
                        101.7231524260399
                    ]
                ],
                "_res_angular_actuation_error_budget/_extraf-angular_actuation_error_budget-edge-0": [
                    [
                        269.87523855489053,
                        81.7576080408996
                    ],
                    [
                        279.87523855489053,
                        81.7576080408996
                    ],
                    [
                        295.86125209645,
                        81.7576080408996
                    ],
                    [
                        295.86125209645,
                        81.7576080408996
                    ],
                    [
                        311.84726563800945,
                        81.7576080408996
                    ],
                    [
                        321.84726563800945,
                        81.7576080408996
                    ]
                ],
                "_res_cost/_extraf-cost-edge-0": [
                    [
                        269.87523855489053,
                        127.68869681118021
                    ],
                    [
                        279.87523855489053,
                        127.68869681118021
                    ],
                    [
                        272.5403427254118,
                        127.68869681118021
                    ],
                    [
                        272.5403427254118,
                        127.68869681118021
                    ],
                    [
                        392.5403427254118,
                        127.68869681118021
                    ],
                    [
                        402.5403427254118,
                        127.68869681118018
                    ]
                ],