{
    "styles": {
        "Regular-No-IF_OWN_ICON_EXISTS": {
            "nodes": {
                "": [
                    0.0,
                    0.0
                ],
                "_fun_physical_radius": [
                    4.01898193359375,
                    0.0
                ],
                "_fun_sensoring_radius": [
                    0.0,
                    45.93108877028059
                ],
                "_fun_speed": [
                    32.09858703613281,
                    91.86217754056116
                ],
                "_res_angular_actuation_error_budget": [
                    247.24045614377707,
                    134.75544409367023
                ],
                "_res_cost": [
                    326.8254882913685,
                    180.68653286395082
                ],
                "_fun_physical_radius/_extrar-physical_radius": [
                    232.07160187490334,
                    3.0378222171715423
                ],
                "_fun_sensoring_radius/_extrar-sensoring_radius": [
                    370.73229727360183,
                    48.36434148779054
                ],
                "_fun_speed/_extrar-speed": [
                    332.6133987527943,
                    94.29543025807115
                ],
                "_res_angular_actuation_error_budget/_extraf-angular_actuation_error_budget": [
                    165.25746816625733,
                    137.79326631084177
                ],
                "_res_cost/_extraf-cost": [
                    165.25746816625733,
                    183.72435508112235
                ],
                "_lim": [
                    303.21912427162437,
                    -78.23979756315435
                ],
                "_mult": [
                    155.08321126783918,
                    0.6045694996615847
                ],
                "_lim/_extraf-_l": [
                    180.29793549306734,
                    228.44630485207978
                ],
                "_mult/_extrar-_res": [
                    332.6133987527943,
                    3.0378222171715423
                ],
                "_mult1": [
                    146.69865926588605,
                    46.535658269942175
                ],
                "_mult1/_extrar-_res2": [
                    332.6133987527943,
                    48.968910987452134
                ],
                "_mult2": [
                    146.69865926588605,
                    92.46674704022277
                ],
                "_mult2/_extrar-_res3": [
                    332.6133987527943,
                    94.89999975773273
                ]
            },
            "edges": {
                "_fun_physical_radius/_extrar-physical_radius-edge-0": [
                    [
                        94.91825358313835,
                        10.465544385140298
                    ],
                    [
                        104.91825358313835,
                        10.465544385140298
                    ],
                    [
                        163.49492772902084,
                        10.465544385140298
                    ],
                    [
                        163.49492772902084,
                        10.465544385140293
                    ],
                    [
                        222.07160187490334,
                        10.465544385140293
                    ],
                    [
                        232.07160187490334,
                        10.465544385140293
                    ]
                ],
                "_fun_sensoring_radius/_extrar-sensoring_radius-edge-0": [
                    [
                        237.59793091543062,
                        55.7920636557593
                    ],
                    [
                        247.59793091543062,
                        55.7920636557593
                    ],
                    [
                        240.73229727360183,
                        55.7920636557593
                    ],
                    [
                        240.73229727360183,
                        55.7920636557593
                    ],
                    [
                        360.73229727360183,
                        55.7920636557593
                    ],
                    [
                        370.73229727360183,
                        55.79206365575929
                    ]
                ],
                "_fun_speed/_extrar-speed-edge-0": [
                    [
                        190.4588765524878,
                        101.72315242603987
                    ],
                    [
                        200.4588765524878,
                        101.72315242603987
                    ],
                    [
                        261.53613765264106,
                        101.72315242603987
                    ],
                    [
                        261.53613765264106,
                        101.7231524260399
                    ],
                    [
                        322.6133987527943,
                        101.7231524260399
                    ],
                    [
                        332.6133987527943,
                        101.7231524260399
                    ]
                ],
                "_res_angular_actuation_error_budget/_extraf-angular_actuation_error_budget-edge-0": [
                    [
                        183.68164724340576,
                        145.2209884788105
                    ],
                    [
                        193.68164724340576,
                        145.2209884788105
                    ],
                    [
                        216.8417635681684,
                        145.2209884788105
                    ],
                    [
                        216.8417635681684,
                        145.22098847881054
                    ],
                    [
                        240.00187989293102,
                        145.22098847881054
                    ],
                    [
                        250.00187989293102,
                        145.22098847881054
                    ]
                ],
                "_res_cost/_extraf-cost-edge-0": [
                    [
                        183.68164724340576,
                        191.1520772490911
                    ],
                    [
                        193.68164724340576,
                        191.1520772490911
                    ],
                    [
                        257.1883021118696,
                        191.1520772490911
                    ],
                    [
                        257.1883021118696,
                        191.15207724909112
                    ],
                    [
                        320.69495698033336,
                        191.15207724909112
                    ],
                    [
                        330.69495698033336,
                        191.15207724909112
                    ]
                ],
                "(_fun_physical_radius:physical_radius)-(_lim:_l)": [
                    [
                        94.91825358313835,
                        10.465544385140298
                    ],
                    [
                        104.91825358313835,
                        10.465544385140298
                    ],
                    [
                        156.13373311842514,
                        10.465544385140298
                    ],
                    [
                        156.13373311842514,
                        10.465544385140294
                    ],
                    [
                        207.3492126537119,
                        10.465544385140294
                    ],
                    [
                        217.3492126537119,
                        10.465544385140294
                    ]
                ],