{
    "styles": {
        "Regular-No-IF_OWN_ICON_EXISTS": {
            "nodes": {
                "_fun_covered_set": [
                    0.0,
                    29.647340167169553
                ],
                "_fun_map": [
                    20.599998474121094,
                    75.68352108146259
                ],
                "_res_total_cost": [
                    677.9060877607375,
                    33.165430624316066
                ],
                "_res_total_execution_time": [
                    508.2499013342068,
                    155.34037533095497
                ],
                "coverage_algorithm_dp": [
                    116.64284261549545,
                    0.0
                ],
                "robot_dp": [
                    551.6278070059723,
                    20.013333415985105
                ],
                "_fun_area": [
                    555.5779945474721,
                    201.37655624524803
                ],
                "_fun_area/_extrar-area": [
                    698.6795106401405,
                    204.46497994481092
                ],
                "_fun_covered_area": [
                    530.6232343115017,
                    201.37655624524803
                ],
                "_fun_covered_area/_extrar-covered_area": [
                    698.6795106401405,
                    204.46497994481092
                ]
            },
            "edges": {
                "(_fun_covered_set:covered_set)-(coverage_algorithm_dp:covered_set)": [
                    [
                        68.88141886634148,
                        40.16543062431607
                    ],
                    [
                        78.88141886634148,
                        40.16543062431607
                    ],
                    [
                        78.88141886634148,
                        40.16543062431607
                    ],
                    [
                        78.88141886634148,
                        48.1835210814626
                    ],
                    [
                        108.79969686498784,
                        48.1835210814626
                    ],
                    [
                        118.79969686498784,
                        48.1835210814626
                    ]
                ],
                "(_fun_map:map)-(coverage_algorithm_dp:map)": [
                    [
                        48.281420392220376,
                        86.2016115386091
                    ],
                    [
                        58.281420392220376,
                        86.2016115386091
                    ],
                    [
                        83.5405586286041,
                        86.2016115386091
                    ],
                    [
                        83.5405586286041,
                        78.1835210814626
                    ],
                    [
                        108.79969686498784,
                        78.1835210814626
                    ],
                    [
                        118.79969686498784,
                        78.1835210814626
                    ]
                ],
                "(coverage_algorithm_dp:execution_time)-(_res_total_execution_time:total_execution_time)": [
                    [
                        461.0930470847144,
                        85.6835210814626
                    ],
                    [
                        471.0930470847144,
                        85.6835210814626
                    ],
                    [
                        471.0930470847144,
                        85.6835210814626
                    ],
                    [
                        471.0930470847144,
                        165.8584657881015
                    ],
                    [
                        501.01132508336076,
                        165.8584657881015
                    ],
                    [
                        511.01132508336076,
                        165.8584657881015
                    ]
                ],
                "(coverage_algorithm_dp:physical_radius_of_robot)-(robot_dp:physical_radius)": [
                    [
                        461.0930470847144,
                        40.683521081462594
                    ],
                    [
                        471.0930470847144,
                        40.683521081462594
                    ],
                    [
                        507.43885417008954,
                        40.683521081462594
                    ],
                    [
                        507.43885417008954,
                        40.68352108146259
                    ],
                    [
                        543.7846612554647,
                        40.68352108146259
                    ],
                    [
                        553.7846612554647,
                        40.68352108146259
                    ]
                ],
                "(coverage_algorithm_dp:sensoring_radius_of_robot)-(robot_dp:sensoring_radius)": [
                    [
                        461.0930470847144,
                        55.683521081462594
                    ],
                    [
                        471.0930470847144,
                        55.683521081462594
                    ],
                    [
                        505.43885417008954,
                        55.683521081462594
                    ],
                    [
                        505.43885417008954,
                        46.68352108146259
                    ],
                    [
                        543.7846612554647,
                        46.68352108146259
                    ],
                    [
                        553.7846612554647,
                        46.68352108146259
                    ]
                ],
                "(coverage_algorithm_dp:speed_of_robot)-(robot_dp:speed)": [
                    [
                        461.0930470847144,
                        70.6835210814626
                    ],
                    [
                        471.0930470847144,
                        70.6835210814626
                    ],
                    [
                        509.43885417008954,
                        70.6835210814626
                    ],
                    [
                        509.43885417008954,
                        52.68352108146259
                    ],
                    [
                        543.7846612554647,
                        52.68352108146259
                    ],
                    [
                        553.7846612554647,
                        52.68352108146259
                    ]
                ],
                "(robot_dp:angular_actuation_error_budget)-(coverage_algorithm_dp:angular_actuation_error_budget)": [
                    [
                        587.3713278394796,
                        49.68352108146259
                    ],
                    [
                        597.3713278394796,
                        49.68352108146259
                    ],
                    [
                        597.3713278394796,
                        49.68352108146259
                    ],
                    [
                        597.3713278394796,
                        120.34037533095497
                    ],
                    [
                        108.79969686498784,
                        120.34037533095497
                    ],
                    [
                        108.79969686498784,
                        63.1835210814626
                    ],
                    [
                        108.79969686498784,
                        63.1835210814626
                    ],
                    [
                        118.79969686498784,
                        63.1835210814626
                    ]
                ],