{
    "styles": {
        "Regular-No-IF_OWN_ICON_EXISTS": {
            "nodes": {
                "_fun_covered_set": [
                    0.0,
                    29.643453467493067
                ],
                "_fun_map": [
                    20.594833374023438,
                    75.67574768210957
                ],
                "_res_total_cost": [
                    677.7755717084913,
                    33.15960057480131
                ],
                "_res_total_execution_time": [
                    868.9809136532863,
                    221.8308480518358
                ],
                "coverage_algorithm_dp": [
                    116.62625631178452,
                    0.0
                ],
                "robot_dp": [
                    551.5159698573059,
                    20.009446716308602
                ]
            },
            "edges": {
                "(_fun_covered_set:covered_set)-(coverage_algorithm_dp:covered_set)": [
                    [
                        68.86483256263054,
                        40.15960057480133
                    ],
                    [
                        78.86483256263054,
                        40.15960057480133
                    ],
                    [
                        78.86483256263054,
                        40.15960057480133
                    ],
                    [
                        78.86483256263054,
                        48.175747682109574
                    ],
                    [
                        108.7831105612769,
                        48.175747682109574
                    ],
                    [
                        118.7831105612769,
                        48.175747682109574
                    ]
                ],
                "(_fun_map:map)-(coverage_algorithm_dp:map)": [
                    [
                        48.269999188607095,
                        86.19189478941783
                    ],
                    [
                        58.269999188607095,
                        86.19189478941783
                    ],
                    [
                        83.526554874942,
                        86.19189478941783
                    ],
                    [
                        83.526554874942,
                        78.17574768210957
                    ],
                    [
                        108.7831105612769,
                        78.17574768210957
                    ],
                    [
                        118.7831105612769,
                        78.17574768210957
                    ]
                ],
                "(coverage_algorithm_dp:execution_time)-(_res_total_execution_time:total_execution_time)": [
                    [
                        490.705992641355,
                        85.67574768210957
                    ],
                    [
                        500.705992641355,
                        85.67574768210957
                    ],
                    [
                        500.705992641355,
                        85.67574768210957
                    ],
                    [
                        500.705992641355,
                        232.3469951591441
                    ],
                    [
                        861.7423374024403,
                        232.3469951591441
                    ],
                    [
                        871.7423374024403,
                        232.3469951591441
                    ]
                ],
                "(coverage_algorithm_dp:physical_radius_of_robot)-(robot_dp:physical_radius)": [
                    [
                        460.9924611472144,
                        40.67574768210957
                    ],
                    [
                        470.9924611472144,
                        40.67574768210957
                    ],
                    [
                        507.33264262700635,
                        40.67574768210957
                    ],
                    [
                        507.33264262700635,
                        40.675747682109574
                    ],
                    [
                        543.6728241067983,
                        40.675747682109574
                    ],
                    [
                        553.6728241067983,
                        40.675747682109574
                    ]
                ],
                "(coverage_algorithm_dp:sensoring_radius_of_robot)-(robot_dp:sensoring_radius)": [
                    [
                        460.9924611472144,
                        55.67574768210957
                    ],
                    [
                        470.9924611472144,
                        55.67574768210957
                    ],
                    [
                        505.33264262700635,
                        55.67574768210957
                    ],
                    [
                        505.33264262700635,
                        46.675747682109574
                    ],
                    [
                        543.6728241067983,
                        46.675747682109574
                    ],
                    [
                        553.6728241067983,
                        46.675747682109574
                    ]
                ],
                "(coverage_algorithm_dp:speed_of_robot)-(robot_dp:speed)": [
                    [
                        460.9924611472144,
                        70.67574768210957
                    ],
                    [
                        470.9924611472144,
                        70.67574768210957
                    ],
                    [
                        509.33264262700635,
                        70.67574768210957
                    ],
                    [
                        509.33264262700635,
                        52.675747682109574
                    ],
                    [
                        543.6728241067983,
                        52.675747682109574
                    ],
                    [
                        553.6728241067983,
                        52.675747682109574
                    ]
                ],
                "(robot_dp:angular_actuation_error_budget)-(coverage_algorithm_dp:angular_actuation_error_budget)": [
                    [
                        587.2520629983999,
                        49.675747682109574
                    ],
                    [
                        597.2520629983999,
                        49.675747682109574
                    ],
                    [
                        597.2520629983999,
                        49.675747682109574
                    ],
                    [
                        597.2520629983999,
                        120.33260193160194
                    ],
                    [
                        108.7831105612769,
                        120.33260193160194
                    ],
                    [
                        108.7831105612769,
                        63.175747682109574
                    ],
                    [
                        108.7831105612769,
                        63.175747682109574
                    ],
                    [
                        118.7831105612769,
                        63.175747682109574
                    ]
                ],